{"cameraMode":{"drawMode":0,"name":"Shaded","section":"Shading Mode"},"sceneLighting":false,"audioPlay":false,"sceneViewState":{"showFog":true,"showMaterialUpdate":false,"showSkybox":true,"showFlares":true,"showImageEffects":true,"showParticleSystems":true},"in2DMode":false,"pivot":{"x":5.3352742195129398,"y":2.3339803218841554,"z":7.842260837554932},"rotation":{"x":0.07972623407840729,"y":0.011962028220295906,"z":-0.0009569418034516275,"w":0.9967446327209473},"size":21.452016830444337,"orthographic":false}