{"cameraMode":{"drawMode":0,"name":"Shaded","section":"Shading Mode"},"sceneLighting":false,"audioPlay":false,"sceneViewState":{"showFog":true,"showMaterialUpdate":false,"showSkybox":true,"showFlares":true,"showImageEffects":true,"showParticleSystems":true},"in2DMode":false,"pivot":{"x":4.119083881378174,"y":3.3044536113739015,"z":-2.0752906799316408},"rotation":{"x":0.15861721336841584,"y":0.01777125522494316,"z":-0.0028556727338582279,"w":0.9871761202812195},"size":21.452016830444337,"orthographic":false}