{"cameraMode":{"drawMode":0,"name":"Shaded","section":"Shading Mode"},"sceneLighting":false,"audioPlay":false,"sceneViewState":{"showFog":true,"showMaterialUpdate":false,"showSkybox":true,"showFlares":true,"showImageEffects":true,"showParticleSystems":true},"in2DMode":false,"pivot":{"x":3.65425443649292,"y":2.6153223514556886,"z":2.656233787536621},"rotation":{"x":0.15419672429561616,"y":-0.004446002654731274,"z":0.0006936359568499029,"w":0.988029956817627},"size":10.664931297302246,"orthographic":false}