{"cameraMode":{"drawMode":0,"name":"Shaded","section":"Shading Mode"},"sceneLighting":false,"audioPlay":false,"sceneViewState":{"showFog":true,"showMaterialUpdate":false,"showSkybox":true,"showFlares":true,"showImageEffects":true,"showParticleSystems":true},"in2DMode":false,"pivot":{"x":4.352252006530762,"y":2.1988821029663088,"z":5.968961238861084},"rotation":{"x":0.043798141181468967,"y":0.010487251915037632,"z":-0.0004602241679094732,"w":0.9989852905273438},"size":17.841949462890626,"orthographic":false}